1,79,http://www.cvk.gov.ua/pls/vp2004/wp336?pt001f01=500&pt005f01=1,"місто Сімферополь, Центральний район",Автономна Республіка Крим
2,63,http://www.cvk.gov.ua/pls/vp2004/wp336?pt001f01=500&pt005f01=2,"місто  Сімферополь, Київський район",Автономна Республіка Крим
3,167,http://www.cvk.gov.ua/pls/vp2004/wp336?pt001f01=500&pt005f01=3,місто  Джанкой,Автономна Республіка Крим
4,118,http://www.cvk.gov.ua/pls/vp2004/wp336?pt001f01=500&pt005f01=4,місто  Євпаторія,Автономна Республіка Крим
5,117,http://www.cvk.gov.ua/pls/vp2004/wp336?pt001f01=500&pt005f01=5,місто  Керч,Автономна Республіка Крим
6,104,http://www.cvk.gov.ua/pls/vp2004/wp336?pt001f01=500&pt005f01=6,місто Феодосія,Автономна Республіка Крим
7,103,http://www.cvk.gov.ua/pls/vp2004/wp336?pt001f01=500&pt005f01=7,місто Ялта,Автономна Республіка Крим
8,118,http://www.cvk.gov.ua/pls/vp2004/wp336?pt001f01=500&pt005f01=8,селище Нижньогірське,Автономна Республіка Крим
9,154,http://www.cvk.gov.ua/pls/vp2004/wp336?pt001f01=500&pt005f01=9,місто Красноперекопськ,Автономна Республіка Крим
10,155,http://www.cvk.gov.ua/pls/vp2004/wp336?pt001f01=500&pt005f01=10,місто  Сімферополь,Автономна Республіка Крим
11,98,http://www.cvk.gov.ua/pls/vp2004/wp336?pt001f01=500&pt005f01=11,"місто Вінниця, Ленінський район",Вінницька область
12,108,http://www.cvk.gov.ua/pls/vp2004/wp336?pt001f01=500&pt005f01=12,"місто Вінниця, Замостянський район",Вінницька область
13,233,http://www.cvk.gov.ua/pls/vp2004/wp336?pt001f01=500&pt005f01=13,місто Калинівка,Вінницька область
14,255,http://www.cvk.gov.ua/pls/vp2004/wp336?pt001f01=500&pt005f01=14,місто Жмеринка,Вінницька область
15,295,http://www.cvk.gov.ua/pls/vp2004/wp336?pt001f01=500&pt005f01=15,місто Іллінці,Вінницька область
16,243,http://www.cvk.gov.ua/pls/vp2004/wp336?pt001f01=500&pt005f01=16,місто Немирів,Вінницька область
17,204,http://www.cvk.gov.ua/pls/vp2004/wp336?pt001f01=500&pt005f01=17,місто Тростянець,Вінницька область
18,227,http://www.cvk.gov.ua/pls/vp2004/wp336?pt001f01=500&pt005f01=18,місто Ямпіль,Вінницька область
19,224,http://www.cvk.gov.ua/pls/vp2004/wp336?pt001f01=500&pt005f01=19,місто Володимир-Волинський,Волинська область
20,272,http://www.cvk.gov.ua/pls/vp2004/wp336?pt001f01=500&pt005f01=20,місто Горохів,Волинська область
21,252,http://www.cvk.gov.ua/pls/vp2004/wp336?pt001f01=500&pt005f01=21,місто Ковель,Волинська область
22,75,http://www.cvk.gov.ua/pls/vp2004/wp336?pt001f01=500&pt005f01=22,місто Луцьк,Волинська область
23,246,http://www.cvk.gov.ua/pls/vp2004/wp336?pt001f01=500&pt005f01=23,селище міського типу Маневичі,Волинська область
24,55,http://www.cvk.gov.ua/pls/vp2004/wp336?pt001f01=500&pt005f01=24,"місто Дніпропетровськ, Амур-Нижньодніпровський район",Дніпропетровська область
25,85,http://www.cvk.gov.ua/pls/vp2004/wp336?pt001f01=500&pt005f01=25,"місто Дніпропетровськ, Індустріальний район",Дніпропетровська область
26,60,http://www.cvk.gov.ua/pls/vp2004/wp336?pt001f01=500&pt005f01=26,"місто Дніпропетровськ, Жовтневий район",Дніпропетровська область
27,57,http://www.cvk.gov.ua/pls/vp2004/wp336?pt001f01=500&pt005f01=27,"місто Дніпропетровськ, Бабушкінський район",Дніпропетровська область
28,88,http://www.cvk.gov.ua/pls/vp2004/wp336?pt001f01=500&pt005f01=28,"місто Дніпропетровськ, Красногвардійський район",Дніпропетровська область
29,68,http://www.cvk.gov.ua/pls/vp2004/wp336?pt001f01=500&pt005f01=29,"місто Дніпропетровськ, Ленінський район",Дніпропетровська область
30,101,http://www.cvk.gov.ua/pls/vp2004/wp336?pt001f01=500&pt005f01=30,місто Дніпродзержинськ,Дніпропетровська область
31,96,http://www.cvk.gov.ua/pls/vp2004/wp336?pt001f01=500&pt005f01=31,"місто Кривий Ріг, Жовтневий район",Дніпропетровська область
32,96,http://www.cvk.gov.ua/pls/vp2004/wp336?pt001f01=500&pt005f01=32,"місто Кривий Ріг, Саксаганський район",Дніпропетровська область
33,95,http://www.cvk.gov.ua/pls/vp2004/wp336?pt001f01=500&pt005f01=33,"місто Кривий Ріг, Дзержинський район",Дніпропетровська область
34,121,http://www.cvk.gov.ua/pls/vp2004/wp336?pt001f01=500&pt005f01=34,місто Верхньодніпровськ,Дніпропетровська область
35,85,http://www.cvk.gov.ua/pls/vp2004/wp336?pt001f01=500&pt005f01=35,місто Нікополь,Дніпропетровська область
36,112,http://www.cvk.gov.ua/pls/vp2004/wp336?pt001f01=500&pt005f01=36,місто Павлоград,Дніпропетровська область
37,148,http://www.cvk.gov.ua/pls/vp2004/wp336?pt001f01=500&pt005f01=37,місто Кривий Ріг,Дніпропетровська область
38,152,http://www.cvk.gov.ua/pls/vp2004/wp336?pt001f01=500&pt005f01=38,селище міського типу Царичанка,Дніпропетровська область
39,168,http://www.cvk.gov.ua/pls/vp2004/wp336?pt001f01=500&pt005f01=39,місто Синельникове,Дніпропетровська область
40,157,http://www.cvk.gov.ua/pls/vp2004/wp336?pt001f01=500&pt005f01=40,місто Нікополь,Дніпропетровська область
41,89,http://www.cvk.gov.ua/pls/vp2004/wp336?pt001f01=500&pt005f01=41,"місто Донецьк, Будьонівський район",Донецька область
42,77,http://www.cvk.gov.ua/pls/vp2004/wp336?pt001f01=500&pt005f01=42,"місто Донецьк, Ворошиловський район",Донецька область
43,55,http://www.cvk.gov.ua/pls/vp2004/wp336?pt001f01=500&pt005f01=43,"місто Донецьк, Київський район",Донецька область
44,98,http://www.cvk.gov.ua/pls/vp2004/wp336?pt001f01=500&pt005f01=44,"місто Донецьк, Кіровський район",Донецька область
45,95,http://www.cvk.gov.ua/pls/vp2004/wp336?pt001f01=500&pt005f01=45,"місто Донецьк, Ленінський район",Донецька область
46,163,http://www.cvk.gov.ua/pls/vp2004/wp336?pt001f01=500&pt005f01=46,місто Артемівськ,Донецька область
47,68,http://www.cvk.gov.ua/pls/vp2004/wp336?pt001f01=500&pt005f01=47,"місто Горлівка, Калінінський район",Донецька область
48,98,http://www.cvk.gov.ua/pls/vp2004/wp336?pt001f01=500&pt005f01=48,"місто Горлівка, Центрально-Міський район",Донецька область
49,131,http://www.cvk.gov.ua/pls/vp2004/wp336?pt001f01=500&pt005f01=49,місто Добропілля,Донецька область
50,95,http://www.cvk.gov.ua/pls/vp2004/wp336?pt001f01=500&pt005f01=50,місто Єнакієве,Донецька область
51,106,http://www.cvk.gov.ua/pls/vp2004/wp336?pt001f01=500&pt005f01=51,місто Костянтинівка,Донецька область
52,85,http://www.cvk.gov.ua/pls/vp2004/wp336?pt001f01=500&pt005f01=52,місто Краматорськ,Донецька область
53,101,http://www.cvk.gov.ua/pls/vp2004/wp336?pt001f01=500&pt005f01=53,"місто Макіївка, Гірницький район",Донецька область
54,115,http://www.cvk.gov.ua/pls/vp2004/wp336?pt001f01=500&pt005f01=54,"місто Макіївка, Центрально-Міський район",Донецька область
55,118,http://www.cvk.gov.ua/pls/vp2004/wp336?pt001f01=500&pt005f01=55,"місто Маріуполь, Іллічівський район",Донецька область
56,129,http://www.cvk.gov.ua/pls/vp2004/wp336?pt001f01=500&pt005f01=56,"місто Маріуполь, Орджонікідзевський район",Донецька область
57,134,http://www.cvk.gov.ua/pls/vp2004/wp336?pt001f01=500&pt005f01=57,місто Селидове,Донецька область
58,105,http://www.cvk.gov.ua/pls/vp2004/wp336?pt001f01=500&pt005f01=58,місто Слов'янськ,Донецька область
59,122,http://www.cvk.gov.ua/pls/vp2004/wp336?pt001f01=500&pt005f01=59,місто Сніжне,Донецька область
60,95,http://www.cvk.gov.ua/pls/vp2004/wp336?pt001f01=500&pt005f01=60,місто Харцизьк,Донецька область
61,158,http://www.cvk.gov.ua/pls/vp2004/wp336?pt001f01=500&pt005f01=61,місто Мар'їнка,Донецька область
62,127,http://www.cvk.gov.ua/pls/vp2004/wp336?pt001f01=500&pt005f01=62,місто Волноваха,Донецька область
63,154,http://www.cvk.gov.ua/pls/vp2004/wp336?pt001f01=500&pt005f01=63,місто Старобешеве,Донецька область
64,114,http://www.cvk.gov.ua/pls/vp2004/wp336?pt001f01=500&pt005f01=64,"місто Житомир, Корольовський район",Житомирська область
65,231,http://www.cvk.gov.ua/pls/vp2004/wp336?pt001f01=500&pt005f01=65,місто Бердичів,Житомирська область
66,262,http://www.cvk.gov.ua/pls/vp2004/wp336?pt001f01=500&pt005f01=66,місто Коростень,Житомирська область
67,294,http://www.cvk.gov.ua/pls/vp2004/wp336?pt001f01=500&pt005f01=67,місто Новоград-Волинський,Житомирська область
68,271,http://www.cvk.gov.ua/pls/vp2004/wp336?pt001f01=500&pt005f01=68,місто Малин,Житомирська область
69,272,http://www.cvk.gov.ua/pls/vp2004/wp336?pt001f01=500&pt005f01=69,селище міського типу Чуднів,Житомирська область
70,117,http://www.cvk.gov.ua/pls/vp2004/wp336?pt001f01=500&pt005f01=70,місто Ужгород,Закарпатська область
71,120,http://www.cvk.gov.ua/pls/vp2004/wp336?pt001f01=500&pt005f01=71,місто Мукачеве,Закарпатська область
72,175,http://www.cvk.gov.ua/pls/vp2004/wp336?pt001f01=500&pt005f01=72,місто Свалява,Закарпатська область
73,117,http://www.cvk.gov.ua/pls/vp2004/wp336?pt001f01=500&pt005f01=73,місто Хуст,Закарпатська область
74,100,http://www.cvk.gov.ua/pls/vp2004/wp336?pt001f01=500&pt005f01=74,місто Тячев,Закарпатська область
75,107,http://www.cvk.gov.ua/pls/vp2004/wp336?pt001f01=500&pt005f01=75,місто Берегово,Закарпатська область
76,88,http://www.cvk.gov.ua/pls/vp2004/wp336?pt001f01=500&pt005f01=76,"місто Запоріжжя, Комунарський район",Запорізька область
77,73,http://www.cvk.gov.ua/pls/vp2004/wp336?pt001f01=500&pt005f01=77,"місто Запоріжжя, Ленінський район",Запорізька область
78,90,http://www.cvk.gov.ua/pls/vp2004/wp336?pt001f01=500&pt005f01=78,"місто Запоріжжя, Орджонікідзевський район",Запорізька область
79,53,http://www.cvk.gov.ua/pls/vp2004/wp336?pt001f01=500&pt005f01=79,"місто Запоріжжя, Шевченківський район",Запорізька область
80,142,http://www.cvk.gov.ua/pls/vp2004/wp336?pt001f01=500&pt005f01=80,місто Бердянськ,Запорізька область
81,153,http://www.cvk.gov.ua/pls/vp2004/wp336?pt001f01=500&pt005f01=81,місто Василівка,Запорізька область
82,100,http://www.cvk.gov.ua/pls/vp2004/wp336?pt001f01=500&pt005f01=82,місто Мелітополь,Запорізька область
83,234,http://www.cvk.gov.ua/pls/vp2004/wp336?pt001f01=500&pt005f01=83,місто Токмак,Запорізька область
84,178,http://www.cvk.gov.ua/pls/vp2004/wp336?pt001f01=500&pt005f01=84,місто Пологи,Запорізька область
85,88,http://www.cvk.gov.ua/pls/vp2004/wp336?pt001f01=500&pt005f01=85,місто Івано-Франківськ,Івано-Франківська область
86,232,http://www.cvk.gov.ua/pls/vp2004/wp336?pt001f01=500&pt005f01=86,місто Калуш,Івано-Франківська область
87,179,http://www.cvk.gov.ua/pls/vp2004/wp336?pt001f01=500&pt005f01=87,місто Коломия,Івано-Франківська область
88,158,http://www.cvk.gov.ua/pls/vp2004/wp336?pt001f01=500&pt005f01=88,місто Тлумач,Івано-Франківська область
89,163,http://www.cvk.gov.ua/pls/vp2004/wp336?pt001f01=500&pt005f01=89,селище Рожнятів,Івано-Франківська область
90,176,http://www.cvk.gov.ua/pls/vp2004/wp336?pt001f01=500&pt005f01=90,місто Надвірна,Івано-Франківська область
91,66,http://www.cvk.gov.ua/pls/vp2004/wp336?pt001f01=500&pt005f01=91,місто Біла Церква,Київська область
92,184,http://www.cvk.gov.ua/pls/vp2004/wp336?pt001f01=500&pt005f01=92,місто Фастів,Київська область
93,192,http://www.cvk.gov.ua/pls/vp2004/wp336?pt001f01=500&pt005f01=93,селище міського типу Володарка,Київська область
94,174,http://www.cvk.gov.ua/pls/vp2004/wp336?pt001f01=500&pt005f01=94,місто Миронівка,Київська область
95,132,http://www.cvk.gov.ua/pls/vp2004/wp336?pt001f01=500&pt005f01=95,місто Обухів,Київська область
96,114,http://www.cvk.gov.ua/pls/vp2004/wp336?pt001f01=500&pt005f01=96,місто Ірпінь,Київська область
97,183,http://www.cvk.gov.ua/pls/vp2004/wp336?pt001f01=500&pt005f01=97,місто Іванків,Київська область
98,121,http://www.cvk.gov.ua/pls/vp2004/wp336?pt001f01=500&pt005f01=98,місто Бровари,Київська область
99,206,http://www.cvk.gov.ua/pls/vp2004/wp336?pt001f01=500&pt005f01=99,місто Бориспіль,Київська область
100,128,http://www.cvk.gov.ua/pls/vp2004/wp336?pt001f01=500&pt005f01=100,місто Кіровоград,Кіровоградська область
101,232,http://www.cvk.gov.ua/pls/vp2004/wp336?pt001f01=500&pt005f01=101,місто Новоукраїнка,Кіровоградська область
102,190,http://www.cvk.gov.ua/pls/vp2004/wp336?pt001f01=500&pt005f01=102,селище міського типу Голованівськ,Кіровоградська область
103,217,http://www.cvk.gov.ua/pls/vp2004/wp336?pt001f01=500&pt005f01=103,місто Знам'янка,Кіровоградська область
104,201,http://www.cvk.gov.ua/pls/vp2004/wp336?pt001f01=500&pt005f01=104,місто Олександрія,Кіровоградська область
105,74,http://www.cvk.gov.ua/pls/vp2004/wp336?pt001f01=500&pt005f01=105,"місто Луганськ, Артемівський район",Луганська область
106,83,http://www.cvk.gov.ua/pls/vp2004/wp336?pt001f01=500&pt005f01=106,"місто Луганськ, Жовтневий район",Луганська область
107,85,http://www.cvk.gov.ua/pls/vp2004/wp336?pt001f01=500&pt005f01=107,місто Алчевськ,Луганська область
108,148,http://www.cvk.gov.ua/pls/vp2004/wp336?pt001f01=500&pt005f01=108,"місто Луганськ, Ленінський район",Луганська область
109,140,http://www.cvk.gov.ua/pls/vp2004/wp336?pt001f01=500&pt005f01=109,місто Красний Луч,Луганська область
110,108,http://www.cvk.gov.ua/pls/vp2004/wp336?pt001f01=500&pt005f01=110,місто Лисичанськ,Луганська область
111,129,http://www.cvk.gov.ua/pls/vp2004/wp336?pt001f01=500&pt005f01=111,місто Антрацит,Луганська область
112,123,http://www.cvk.gov.ua/pls/vp2004/wp336?pt001f01=500&pt005f01=112,місто Свердловськ,Луганська область
113,74,http://www.cvk.gov.ua/pls/vp2004/wp336?pt001f01=500&pt005f01=113,місто Сєверодонецьк,Луганська область
114,192,http://www.cvk.gov.ua/pls/vp2004/wp336?pt001f01=500&pt005f01=114,селище міського типу Станично-Луганське,Луганська область
115,206,http://www.cvk.gov.ua/pls/vp2004/wp336?pt001f01=500&pt005f01=115,місто Сватове,Луганська область
116,98,http://www.cvk.gov.ua/pls/vp2004/wp336?pt001f01=500&pt005f01=116,місто Стаханов,Луганська область
117,74,http://www.cvk.gov.ua/pls/vp2004/wp336?pt001f01=500&pt005f01=117,"місто Львів, Галицький район",Львівська область
118,140,http://www.cvk.gov.ua/pls/vp2004/wp336?pt001f01=500&pt005f01=118,"місто Львів, Сихівський район",Львівська область
119,53,http://www.cvk.gov.ua/pls/vp2004/wp336?pt001f01=500&pt005f01=119,"місто Львів, Франківський район",Львівська область
120,98,http://www.cvk.gov.ua/pls/vp2004/wp336?pt001f01=500&pt005f01=120,"місто Львів, Шевченківський район",Львівська область
121,270,http://www.cvk.gov.ua/pls/vp2004/wp336?pt001f01=500&pt005f01=121,місто Буськ,Львівська область
122,267,http://www.cvk.gov.ua/pls/vp2004/wp336?pt001f01=500&pt005f01=122,місто Городок,Львівська область
123,156,http://www.cvk.gov.ua/pls/vp2004/wp336?pt001f01=500&pt005f01=123,місто Дрогобич,Львівська область
124,197,http://www.cvk.gov.ua/pls/vp2004/wp336?pt001f01=500&pt005f01=124,місто Жовква,Львівська область
125,244,http://www.cvk.gov.ua/pls/vp2004/wp336?pt001f01=500&pt005f01=125,місто Миколаїв,Львівська область
126,143,http://www.cvk.gov.ua/pls/vp2004/wp336?pt001f01=500&pt005f01=126,місто Сокаль,Львівська область
127,240,http://www.cvk.gov.ua/pls/vp2004/wp336?pt001f01=500&pt005f01=127,місто Старий Самбір,Львівська область
128,223,http://www.cvk.gov.ua/pls/vp2004/wp336?pt001f01=500&pt005f01=128,місто Стрий,Львівська область
129,50,http://www.cvk.gov.ua/pls/vp2004/wp336?pt001f01=500&pt005f01=129,"місто Миколаїв, Заводський район",Миколаївська область
130,128,http://www.cvk.gov.ua/pls/vp2004/wp336?pt001f01=500&pt005f01=130,"місто Миколаїв, Корабельний район",Миколаївська область
131,152,http://www.cvk.gov.ua/pls/vp2004/wp336?pt001f01=500&pt005f01=131,"місто Миколаїв, Центральний район",Миколаївська область
132,254,http://www.cvk.gov.ua/pls/vp2004/wp336?pt001f01=500&pt005f01=132,місто Баштанка,Миколаївська область
133,205,http://www.cvk.gov.ua/pls/vp2004/wp336?pt001f01=500&pt005f01=133,місто Вознесенськ,Миколаївська область
134,148,http://www.cvk.gov.ua/pls/vp2004/wp336?pt001f01=500&pt005f01=134,місто Первомайськ,Миколаївська область
135,75,http://www.cvk.gov.ua/pls/vp2004/wp336?pt001f01=500&pt005f01=135,"місто Одеса, Київський район",Одеська область
136,77,http://www.cvk.gov.ua/pls/vp2004/wp336?pt001f01=500&pt005f01=136,"місто Одеса, Малиновський район",Одеська область
137,89,http://www.cvk.gov.ua/pls/vp2004/wp336?pt001f01=500&pt005f01=137,"місто Одеса, Приморський район",Одеська область
138,85,http://www.cvk.gov.ua/pls/vp2004/wp336?pt001f01=500&pt005f01=138,"місто Одеса, Суворовський район",Одеська область
139,182,http://www.cvk.gov.ua/pls/vp2004/wp336?pt001f01=500&pt005f01=139,місто Котовськ,Одеська область
140,185,http://www.cvk.gov.ua/pls/vp2004/wp336?pt001f01=500&pt005f01=140,місто Ананьїв,Одеська область
141,142,http://www.cvk.gov.ua/pls/vp2004/wp336?pt001f01=500&pt005f01=141,селище міського типу Іванівка,Одеська область
142,61,http://www.cvk.gov.ua/pls/vp2004/wp336?pt001f01=500&pt005f01=142,місто Іллічівськ,Одеська область
143,95,http://www.cvk.gov.ua/pls/vp2004/wp336?pt001f01=500&pt005f01=143,місто Роздільна,Одеська область
144,153,http://www.cvk.gov.ua/pls/vp2004/wp336?pt001f01=500&pt005f01=144,місто Білгород-Дністровський,Одеська область
145,133,http://www.cvk.gov.ua/pls/vp2004/wp336?pt001f01=500&pt005f01=145,місто Болград,Одеська область
146,155,http://www.cvk.gov.ua/pls/vp2004/wp336?pt001f01=500&pt005f01=146,місто Ізмаїл,Одеська область
147,69,http://www.cvk.gov.ua/pls/vp2004/wp336?pt001f01=500&pt005f01=147,"місто Полтава, Ленінський район",Полтавська область
148,114,http://www.cvk.gov.ua/pls/vp2004/wp336?pt001f01=500&pt005f01=148,"місто Полтава, Октябрський район",Полтавська область
149,99,http://www.cvk.gov.ua/pls/vp2004/wp336?pt001f01=500&pt005f01=149,місто Кременчук,Полтавська область
150,218,http://www.cvk.gov.ua/pls/vp2004/wp336?pt001f01=500&pt005f01=150,місто Лубни,Полтавська область
151,214,http://www.cvk.gov.ua/pls/vp2004/wp336?pt001f01=500&pt005f01=151,місто Миргород,Полтавська область
152,137,http://www.cvk.gov.ua/pls/vp2004/wp336?pt001f01=500&pt005f01=152,місто Глобино,Полтавська область
153,229,http://www.cvk.gov.ua/pls/vp2004/wp336?pt001f01=500&pt005f01=153,місто Карлівка,Полтавська область
154,205,http://www.cvk.gov.ua/pls/vp2004/wp336?pt001f01=500&pt005f01=154,місто Лохвиця,Полтавська область
155,110,http://www.cvk.gov.ua/pls/vp2004/wp336?pt001f01=500&pt005f01=155,місто Рівне,Рівненська область
156,220,http://www.cvk.gov.ua/pls/vp2004/wp336?pt001f01=500&pt005f01=156,селище міського типу Гоща,Рівненська область
157,260,http://www.cvk.gov.ua/pls/vp2004/wp336?pt001f01=500&pt005f01=157,місто Дубно,Рівненська область
158,210,http://www.cvk.gov.ua/pls/vp2004/wp336?pt001f01=500&pt005f01=158,місто Дубровиця,Рівненська область
159,194,http://www.cvk.gov.ua/pls/vp2004/wp336?pt001f01=500&pt005f01=159,місто Сарни,Рівненська область
160,116,http://www.cvk.gov.ua/pls/vp2004/wp336?pt001f01=500&pt005f01=160,"місто Суми, Ковпаківський район",Сумська область
161,165,http://www.cvk.gov.ua/pls/vp2004/wp336?pt001f01=500&pt005f01=161,місто Білопілля,Сумська область
162,186,http://www.cvk.gov.ua/pls/vp2004/wp336?pt001f01=500&pt005f01=162,місто Глухів,Сумська область
163,178,http://www.cvk.gov.ua/pls/vp2004/wp336?pt001f01=500&pt005f01=163,місто Конотоп,Сумська область
164,221,http://www.cvk.gov.ua/pls/vp2004/wp336?pt001f01=500&pt005f01=164,місто Ромни,Сумська область
165,173,http://www.cvk.gov.ua/pls/vp2004/wp336?pt001f01=500&pt005f01=165,місто Охтирка,Сумська область
166,86,http://www.cvk.gov.ua/pls/vp2004/wp336?pt001f01=500&pt005f01=166,місто Тернопіль,Тернопільська область
167,318,http://www.cvk.gov.ua/pls/vp2004/wp336?pt001f01=500&pt005f01=167,місто Збараж,Тернопільська область
168,270,http://www.cvk.gov.ua/pls/vp2004/wp336?pt001f01=500&pt005f01=168,місто Зборів,Тернопільська область
169,266,http://www.cvk.gov.ua/pls/vp2004/wp336?pt001f01=500&pt005f01=169,місто Теребовля,Тернопільська область
170,208,http://www.cvk.gov.ua/pls/vp2004/wp336?pt001f01=500&pt005f01=170,місто Чортків,Тернопільська область
171,83,http://www.cvk.gov.ua/pls/vp2004/wp336?pt001f01=500&pt005f01=171,"місто Харків, Дзержинський район",Харківська область
172,79,http://www.cvk.gov.ua/pls/vp2004/wp336?pt001f01=500&pt005f01=172,"місто Харків, Київський район",Харківська область
173,115,http://www.cvk.gov.ua/pls/vp2004/wp336?pt001f01=500&pt005f01=173,"місто Харків, Московський район",Харківська область
174,52,http://www.cvk.gov.ua/pls/vp2004/wp336?pt001f01=500&pt005f01=174,"місто Харків, Фрунзенський район",Харківська область
175,45,http://www.cvk.gov.ua/pls/vp2004/wp336?pt001f01=500&pt005f01=175,"місто Харків, Орджонікідзевський район",Харківська область
176,104,http://www.cvk.gov.ua/pls/vp2004/wp336?pt001f01=500&pt005f01=176,"місто Харків, Комінтернівський район",Харківська область
177,97,http://www.cvk.gov.ua/pls/vp2004/wp336?pt001f01=500&pt005f01=177,"місто Харків, Ленінський район",Харківська область
178,137,http://www.cvk.gov.ua/pls/vp2004/wp336?pt001f01=500&pt005f01=178,місто Дергачі,Харківська область
179,171,http://www.cvk.gov.ua/pls/vp2004/wp336?pt001f01=500&pt005f01=179,місто Чугуїв,Харківська область
180,170,http://www.cvk.gov.ua/pls/vp2004/wp336?pt001f01=500&pt005f01=180,місто Куп'янськ,Харківська область
181,161,http://www.cvk.gov.ua/pls/vp2004/wp336?pt001f01=500&pt005f01=181,місто Балаклія,Харківська область
182,192,http://www.cvk.gov.ua/pls/vp2004/wp336?pt001f01=500&pt005f01=182,місто Лозова,Харківська область
183,157,http://www.cvk.gov.ua/pls/vp2004/wp336?pt001f01=500&pt005f01=183,місто Валки,Харківська область
184,117,http://www.cvk.gov.ua/pls/vp2004/wp336?pt001f01=500&pt005f01=184,"місто Харків, Харківський район",Харківська область
185,100,http://www.cvk.gov.ua/pls/vp2004/wp336?pt001f01=500&pt005f01=185,"місто Херсон, Дніпровський район",Херсонська область
186,89,http://www.cvk.gov.ua/pls/vp2004/wp336?pt001f01=500&pt005f01=186,"місто Херсон, Комсомольський район",Херсонська область
187,203,http://www.cvk.gov.ua/pls/vp2004/wp336?pt001f01=500&pt005f01=187,місто Берислав,Херсонська область
188,176,http://www.cvk.gov.ua/pls/vp2004/wp336?pt001f01=500&pt005f01=188,місто Каховка,Херсонська область
189,201,http://www.cvk.gov.ua/pls/vp2004/wp336?pt001f01=500&pt005f01=189,місто Генічеськ,Херсонська область
190,104,http://www.cvk.gov.ua/pls/vp2004/wp336?pt001f01=500&pt005f01=190,місто Хмельницький,Хмельницька область
191,277,http://www.cvk.gov.ua/pls/vp2004/wp336?pt001f01=500&pt005f01=191,місто Волочиськ,Хмельницька область
192,289,http://www.cvk.gov.ua/pls/vp2004/wp336?pt001f01=500&pt005f01=192,місто Деражня,Хмельницька область
193,218,http://www.cvk.gov.ua/pls/vp2004/wp336?pt001f01=500&pt005f01=193,місто Кам'янець-Подільський,Хмельницька область
194,243,http://www.cvk.gov.ua/pls/vp2004/wp336?pt001f01=500&pt005f01=194,місто Дунаївці,Хмельницька область
195,180,http://www.cvk.gov.ua/pls/vp2004/wp336?pt001f01=500&pt005f01=195,місто Славута,Хмельницька область
196,233,http://www.cvk.gov.ua/pls/vp2004/wp336?pt001f01=500&pt005f01=196,місто Старокостянтинів,Хмельницька область
197,102,http://www.cvk.gov.ua/pls/vp2004/wp336?pt001f01=500&pt005f01=197,"місто Черкаси, Черкаський район",Черкаська область
198,61,http://www.cvk.gov.ua/pls/vp2004/wp336?pt001f01=500&pt005f01=198,"місто Черкаси, Соснівський район",Черкаська область
199,177,http://www.cvk.gov.ua/pls/vp2004/wp336?pt001f01=500&pt005f01=199,місто Городище,Черкаська область
200,246,http://www.cvk.gov.ua/pls/vp2004/wp336?pt001f01=500&pt005f01=200,місто Золотоноша,Черкаська область
201,137,http://www.cvk.gov.ua/pls/vp2004/wp336?pt001f01=500&pt005f01=201,місто Сміла,Черкаська область
202,224,http://www.cvk.gov.ua/pls/vp2004/wp336?pt001f01=500&pt005f01=202,місто Тальне,Черкаська область
203,171,http://www.cvk.gov.ua/pls/vp2004/wp336?pt001f01=500&pt005f01=203,місто Умань,Черкаська область
204,103,http://www.cvk.gov.ua/pls/vp2004/wp336?pt001f01=500&pt005f01=204,місто Чернівці,Чернівецька область
205,171,http://www.cvk.gov.ua/pls/vp2004/wp336?pt001f01=500&pt005f01=205,місто Сторожинець,Чернівецька область
206,105,http://www.cvk.gov.ua/pls/vp2004/wp336?pt001f01=500&pt005f01=206,місто Герца,Чернівецька область
207,149,http://www.cvk.gov.ua/pls/vp2004/wp336?pt001f01=500&pt005f01=207,місто Хотин,Чернівецька область
208,105,http://www.cvk.gov.ua/pls/vp2004/wp336?pt001f01=500&pt005f01=208,"місто Чернігів, Деснянський район",Чернігівська область
209,212,http://www.cvk.gov.ua/pls/vp2004/wp336?pt001f01=500&pt005f01=209,місто Чернігів,Чернігівська область
210,172,http://www.cvk.gov.ua/pls/vp2004/wp336?pt001f01=500&pt005f01=210,селище міського типу Козелець,Чернігівська область
211,175,http://www.cvk.gov.ua/pls/vp2004/wp336?pt001f01=500&pt005f01=211,місто Ніжин,Чернігівська область
212,204,http://www.cvk.gov.ua/pls/vp2004/wp336?pt001f01=500&pt005f01=212,місто Прилуки,Чернігівська область
213,218,http://www.cvk.gov.ua/pls/vp2004/wp336?pt001f01=500&pt005f01=213,селище міського типу Сосниця,Чернігівська область
214,75,http://www.cvk.gov.ua/pls/vp2004/wp336?pt001f01=500&pt005f01=214,"місто Київ, Голосіївський район",м.Київ
215,93,http://www.cvk.gov.ua/pls/vp2004/wp336?pt001f01=500&pt005f01=215,"місто Київ, Дарницький район",м.Київ
216,105,http://www.cvk.gov.ua/pls/vp2004/wp336?pt001f01=500&pt005f01=216,"місто Київ, Деснянський район",м.Київ
217,115,http://www.cvk.gov.ua/pls/vp2004/wp336?pt001f01=500&pt005f01=217,"місто Київ, Дніпровський район",м.Київ
218,107,http://www.cvk.gov.ua/pls/vp2004/wp336?pt001f01=500&pt005f01=218,"місто Київ, Оболонський район",м.Київ
219,68,http://www.cvk.gov.ua/pls/vp2004/wp336?pt001f01=500&pt005f01=219,"місто Київ, Печерський район",м.Київ
220,60,http://www.cvk.gov.ua/pls/vp2004/wp336?pt001f01=500&pt005f01=220,"місто Київ, Подільський район",м.Київ
221,105,http://www.cvk.gov.ua/pls/vp2004/wp336?pt001f01=500&pt005f01=221,"місто Київ, Святошинський район",м.Київ
222,121,http://www.cvk.gov.ua/pls/vp2004/wp336?pt001f01=500&pt005f01=222,"місто Київ, Солом'янський район",м.Київ
223,108,http://www.cvk.gov.ua/pls/vp2004/wp336?pt001f01=500&pt005f01=223,"місто Київ, Шевченківський район",м.Київ
224,76,http://www.cvk.gov.ua/pls/vp2004/wp336?pt001f01=500&pt005f01=224,"місто Севастополь, Гагарінський район",м.Севастополь
225,102,http://www.cvk.gov.ua/pls/vp2004/wp336?pt001f01=500&pt005f01=225,"місто Севастополь, Ленінський район",м.Севастополь
ЗВО,123,http://www.cvk.gov.ua/pls/vp2004/wp336?pt001f01=500&pt005f01=226,Окремий закордонний виборчий округ,Закордонний виборчий округ
